{
 "name"         : "Direct - Subzero",
 "repository"   : "repository.subzero",
 "plugin"       : "plugin.video.subzero",
 "priority"     : 200,
 "id"           : "Subzero",
 "filters"      : {},
 "postprocess"  : "",
 "movies"       : [
  [
   {
    "link"      : "plugin://plugin.video.subzero/?mode=get_sources&url=%3Citem%3E%0A%09%3Ctitle%3E{title_+}+%28{year}%29%3C%2Ftitle%3E%0A%09%3Cmeta%3E%0A%09%09%3Ccontent%3Emovie%3C%2Fcontent%3E%0A%09%09%3Cimdb%3E{imdb}%3C%2Fimdb%3E%0A%09%09%3Ctitle%3E{title_+}%3C%2Ftitle%3E%0A%09%09%3Cyear%3E{year}%3C%2Fyear%3E%0A%09%3C%2Fmeta%3E%0A%09%3Clink%3E%0A%09%09%3Csublink%3Esearch%3C%2Fsublink%3E%0A%09%09%3Csublink%3Esearchsd%3C%2Fsublink%3E%0A%09%3C%2Flink%3E%0A%09%3Cthumbnail%3E{poster}%3C%2Fthumbnail%3E%0A%09%3Cfanart%3E{fanart}%3C%2Ffanart%3E%0A%3C%2Fitem%3E&name={title_+}+%28{year}%29&iconimage={poster}&fanart={fanart}&description={plot_+}",
    "steps"     : [],
    "action"    : "PLAY"
   }
  ]
 ]
}
