{
 "name"         : "EmbyCon",
 "plugin"       : "plugin.video.embycon",
 "priority"     : 200,
 "id"           : "embycon",
 "filters"      : {},
 "postprocess"  : "",
 "movies"       : [
  [
   {
    "link"      : "plugin://plugin.video.embycon/?content_type=video",
    "steps"     : [
     "All - Movies .A-Z.",
     "{sorttitle[0]}",
     "{title|replace(%27,')|replace(%3A,&colon;)|replace(%2D,-)}"
     ],
    "action"    : "PLAY"
   },
   {
    "link"      : "plugin://plugin.video.embycon/?content_type=video",
    "steps"     : [
     "All - Movies .A-Z.",
     "#",
     "{title|replace(%27,')|replace(%3A,&colon;)|replace(%2D,-)}"
     ],
    "action"    : "PLAY"
   }
  ]
 ],
 "tvshows"      : [
  [
   {
    "link"      : "plugin://plugin.video.embycon/?content_type=video",
    "steps"     : [
     "All - TV Show .A-Z.",
     "{sortname[0]}",
     "{clearname}",
     "{season}x{episode}"
     ],
    "action"    : "PLAY"
   },
   {
    "link"      : "plugin://plugin.video.embycon/?content_type=video",
    "steps"     : [
     "All - TV Show .A-Z.",
     "{sortname[0]}",
     "{clearname}",
     "Season {season}",
     "{season}x{episode}"
     ],
    "action"    : "PLAY"
   },
   {
    "link"      : "plugin://plugin.video.embycon/?content_type=video",
    "steps"     : [
     "All - TV Show .A-Z.",
     "#",
     "{clearname}",
     "{season}x{episode}"
     ],
    "action"    : "PLAY"
   },
   {
    "link"      : "plugin://plugin.video.embycon/?content_type=video",
    "steps"     : [
     "All - TV Show .A-Z.",
     "#",
     "{clearname}",
     "Season {season}",
     "{season}x{episode}"
     ],
    "action"    : "PLAY"
   }
  ]
 ]
}